{
  "pieces_spawn_counts" : [
    {
      "nbt_piece_name" : "morevillagers:village/ocean/ocean_engineer",
      "never_spawn_more_than_this_many": 1
    },
    {
      "nbt_piece_name" : "morevillagers:village/ocean/ocean_florist",
      "never_spawn_more_than_this_many": 1
    },
    {
      "nbt_piece_name" : "morevillagers:village/ocean/ocean_hunter",
      "never_spawn_more_than_this_many": 1
    },
    {
      "nbt_piece_name" : "morevillagers:village/ocean/ocean_oceanographer",
      "never_spawn_more_than_this_many": 1
    },
    {
      "nbt_piece_name" : "morevillagers:village/ocean/ocean_woodworker",
      "never_spawn_more_than_this_many": 1
    }
  ]
}