{
  "pieces_spawn_counts": [
    {
      "nbt_piece_name": "villagersplus:villages/giant_taiga/alchemist",
      "never_spawn_more_than_this_many": 1
    },
    {
      "nbt_piece_name": "villagersplus:villages/giant_taiga/horticulturist",
      "never_spawn_more_than_this_many": 1
    },
    {
      "nbt_piece_name": "villagersplus:villages/giant_taiga/occultist",
      "never_spawn_more_than_this_many": 1
    },
    {
      "nbt_piece_name": "villagersplus:villages/giant_taiga/oceanographer",
      "never_spawn_more_than_this_many": 1
    }
  ]
}