{
  "pieces_spawn_counts": [
    {
      "nbt_piece_name": "villagersplus:villages/mountains/alchemist",
      "never_spawn_more_than_this_many": 1
    },
    {
      "nbt_piece_name": "villagersplus:villages/mountains/horticulturist",
      "never_spawn_more_than_this_many": 1
    },
    {
      "nbt_piece_name": "villagersplus:villages/mountains/occultist",
      "never_spawn_more_than_this_many": 1
    },
    {
      "nbt_piece_name": "villagersplus:villages/mountains/oceanographer",
      "never_spawn_more_than_this_many": 1
    }
  ]
}