{
  "name": "repurposed_structures:villages/ocean/houses",
  "fallback": "minecraft:empty",
  "elements": [
    {
      "weight": 6,
      "element": {
        "location": "chefsdelight:villages/ocean/cook_house",
        "processors": "repurposed_structures:villages/ocean/randomize",
        "projection": "rigid",
        "element_type": "minecraft:legacy_single_pool_element"
      }
    },
    {
      "weight": 6,
      "element": {
        "location": "chefsdelight:villages/ocean/chef_house",
        "processors": "repurposed_structures:villages/ocean/randomize",
        "projection": "rigid",
        "element_type": "minecraft:legacy_single_pool_element"
      }
    }
  ]
}